SET IDENTITY_INSERT [NHANVIEN] ON;
insert into NHANVIEN (MANV, HOTEN, CHUCVU, NGAYSINH, GIOITINH, EMAIL, SDT, DIACHI, TRANGTHAILAMVIEC, MASODINHDANH, LOAIMASODINHDANH) values (1, 'Willard Davis', 'NHANVIEN', '2022-09-19', 0, 'wdavis0@hhs.gov', '5213929125', 'Suite 84', 1, '815676916738', 'CCCD');
insert into NHANVIEN (MANV, HOTEN, CHUCVU, NGAYSINH, GIOITINH, EMAIL, SDT, DIACHI, TRANGTHAILAMVIEC, MASODINHDANH, LOAIMASODINHDANH) values (2, 'Abbey Critchlow', 'NHANVIEN', '2022-06-16', 1, 'acritchlow1@xinhuanet.com', '4774254263', 'Room 877', 1, '186182494376', 'CCCD');
insert into NHANVIEN (MANV, HOTEN, CHUCVU, NGAYSINH, GIOITINH, EMAIL, SDT, DIACHI, TRANGTHAILAMVIEC, MASODINHDANH, LOAIMASODINHDANH) values (3, 'Lisabeth Winks', 'NHANVIEN', '2022-06-19', 1, 'lwinks2@marriott.com', '3325747315', '4th Floor', 1, '333029790716', 'CCCD');
insert into NHANVIEN (MANV, HOTEN, CHUCVU, NGAYSINH, GIOITINH, EMAIL, SDT, DIACHI, TRANGTHAILAMVIEC, MASODINHDANH, LOAIMASODINHDANH) values (4, 'Biron Ainsbury', 'NHANVIEN', '2023-02-20', 1, 'bainsbury3@google.nl', '3796059662', 'Room 1129', 1, '304379897730', 'CCCD');
insert into NHANVIEN (MANV, HOTEN, CHUCVU, NGAYSINH, GIOITINH, EMAIL, SDT, DIACHI, TRANGTHAILAMVIEC, MASODINHDANH, LOAIMASODINHDANH) values (5, 'Rudy Jackalin', 'NHANVIEN', '2023-04-27', 0, 'rjackalin4@prweb.com', '3833068447', 'PO Box 27642', 1, '953805857846', 'CCCD');
insert into NHANVIEN (MANV, HOTEN, CHUCVU, NGAYSINH, GIOITINH, EMAIL, SDT, DIACHI, TRANGTHAILAMVIEC, MASODINHDANH, LOAIMASODINHDANH) values (6, 'Chery Grover', 'NHANVIEN', '2022-07-05', 1, 'cgrover5@accuweather.com', '3957591839', 'Room 1867', 1, '750958167837', 'CCCD');
insert into NHANVIEN (MANV, HOTEN, CHUCVU, NGAYSINH, GIOITINH, EMAIL, SDT, DIACHI, TRANGTHAILAMVIEC, MASODINHDANH, LOAIMASODINHDANH) values (7, 'Patsy Algie', 'NHANVIEN', '2023-05-02', 0, 'palgie6@seesaa.net', '7298669572', 'Apt 1724', 1, '301423650287', 'CCCD');
insert into NHANVIEN (MANV, HOTEN, CHUCVU, NGAYSINH, GIOITINH, EMAIL, SDT, DIACHI, TRANGTHAILAMVIEC, MASODINHDANH, LOAIMASODINHDANH) values (8, 'Flossie Beddoes', 'NHANVIEN', '2023-02-14', 0, 'fbeddoes7@weather.com', '2506016862', '8th Floor', 1, '598201585206', 'CCCD');
insert into NHANVIEN (MANV, HOTEN, CHUCVU, NGAYSINH, GIOITINH, EMAIL, SDT, DIACHI, TRANGTHAILAMVIEC, MASODINHDANH, LOAIMASODINHDANH) values (9, 'Cullen Phillips', 'NHANVIEN', '2022-11-23', 0, 'cphillips8@dropbox.com', '1226863591', 'Suite 77', 1, '601988016335', 'CCCD');
insert into NHANVIEN (MANV, HOTEN, CHUCVU, NGAYSINH, GIOITINH, EMAIL, SDT, DIACHI, TRANGTHAILAMVIEC, MASODINHDANH, LOAIMASODINHDANH) values (10, 'Pam Storks', 'NHANVIEN', '2023-01-02', 0, 'pstorks9@jugem.jp', '9398013694', 'Suite 6', 1, '980475817870', 'CCCD');
SET IDENTITY_INSERT [NHANVIEN] OFF;

insert into TAIKHOAN (MANV, TAIKHOAN, MATKHAU) values (1, 'thuan', 'thuan');
insert into TAIKHOAN (MANV, TAIKHOAN, MATKHAU) values (2, 'fcpzf', '193388');
insert into TAIKHOAN (MANV, TAIKHOAN, MATKHAU) values (3, 'lvcum', '481488');
insert into TAIKHOAN (MANV, TAIKHOAN, MATKHAU) values (4, 'jyrnf', '088044');
insert into TAIKHOAN (MANV, TAIKHOAN, MATKHAU) values (5, 'gurtn', '711093');
insert into TAIKHOAN (MANV, TAIKHOAN, MATKHAU) values (6, 'yuojw', '766851');
insert into TAIKHOAN (MANV, TAIKHOAN, MATKHAU) values (7, 'ofzki', '507983');
insert into TAIKHOAN (MANV, TAIKHOAN, MATKHAU) values (8, 'ggejw', '237266');
insert into TAIKHOAN (MANV, TAIKHOAN, MATKHAU) values (9, 'pylvi', '469489');
insert into TAIKHOAN (MANV, TAIKHOAN, MATKHAU) values (10, 'emoqp', '431673');

insert into LOAIPHONG (MALOAIPHONG, HANGPHONG, SOGIUONG, LOAIGIUONG, GIA) values ('THUONG_1_1_1', 1, 1, 1, 100000);
insert into LOAIPHONG (MALOAIPHONG, HANGPHONG, SOGIUONG, LOAIGIUONG, GIA) values ('THUONG_1_1_2', 1, 1, 2, 120000);
insert into LOAIPHONG (MALOAIPHONG, HANGPHONG, SOGIUONG, LOAIGIUONG, GIA) values ('THUONG_1_2_1', 1, 2, 1, 130000);
insert into LOAIPHONG (MALOAIPHONG, HANGPHONG, SOGIUONG, LOAIGIUONG, GIA) values ('THUONG_1_2_2', 1, 2, 2, 150000);
insert into LOAIPHONG (MALOAIPHONG, HANGPHONG, SOGIUONG, LOAIGIUONG, GIA) values ('VIP_2_1_1', 2, 1, 1, 200000);
insert into LOAIPHONG (MALOAIPHONG, HANGPHONG, SOGIUONG, LOAIGIUONG, GIA) values ('VIP_2_1_2', 2, 1, 2, 220000);
insert into LOAIPHONG (MALOAIPHONG, HANGPHONG, SOGIUONG, LOAIGIUONG, GIA) values ('VIP_2_2_1', 2, 2, 1, 250000);
insert into LOAIPHONG (MALOAIPHONG, HANGPHONG, SOGIUONG, LOAIGIUONG, GIA) values ('VIP_2_2_2', 2, 2, 2, 270000);

insert into PHONG (SOPHONG, TRANGTHAI, LOAIPHONG) values (101, 'TRONG', 'THUONG_1_2_2');
insert into PHONG (SOPHONG, TRANGTHAI, LOAIPHONG) values (102, 'TRONG', 'THUONG_1_1_1');
insert into PHONG (SOPHONG, TRANGTHAI, LOAIPHONG) values (103, 'TRONG', 'THUONG_1_1_1');
insert into PHONG (SOPHONG, TRANGTHAI, LOAIPHONG) values (104, 'KHONG_SU_DUNG', 'THUONG_1_1_1');
insert into PHONG (SOPHONG, TRANGTHAI, LOAIPHONG) values (105, 'TRONG', 'THUONG_1_1_2');
insert into PHONG (SOPHONG, TRANGTHAI, LOAIPHONG) values (106, 'TRONG', 'THUONG_1_1_1');
insert into PHONG (SOPHONG, TRANGTHAI, LOAIPHONG) values (107, 'TRONG', 'THUONG_1_1_2');
insert into PHONG (SOPHONG, TRANGTHAI, LOAIPHONG) values (108, 'TRONG', 'THUONG_1_2_2');
insert into PHONG (SOPHONG, TRANGTHAI, LOAIPHONG) values (109, 'TRONG', 'VIP_2_1_2');
insert into PHONG (SOPHONG, TRANGTHAI, LOAIPHONG) values (201, 'TRONG', 'THUONG_1_2_1');
insert into PHONG (SOPHONG, TRANGTHAI, LOAIPHONG) values (202, 'KHONG_SU_DUNG', 'THUONG_1_1_1');
insert into PHONG (SOPHONG, TRANGTHAI, LOAIPHONG) values (203, 'TRONG', 'THUONG_1_1_1');
insert into PHONG (SOPHONG, TRANGTHAI, LOAIPHONG) values (204, 'TRONG', 'VIP_2_2_2');
insert into PHONG (SOPHONG, TRANGTHAI, LOAIPHONG) values (205, 'KHONG_SU_DUNG', 'THUONG_1_2_1');
insert into PHONG (SOPHONG, TRANGTHAI, LOAIPHONG) values (206, 'TRONG', 'VIP_2_1_1');
